Species	Phylum	Class	Order	Family	Genus
s__midas_s_18114	p__Proteobacteria	c__Gammaproteobacteria	o__Burkholderiales	f__Alcaligenaceae	g__Achromobacter
s__Acidaminococcus_fermentans	p__Firmicutes	c__Negativicutes	o__Acidaminococcales	f__Acidaminococcaceae	g__Acidaminococcus
s__Acidaminococcus_intestini	p__Firmicutes	c__Negativicutes	o__Acidaminococcales	f__Acidaminococcaceae	g__Acidaminococcus
s__midas_s_18392	p__Proteobacteria	c__Gammaproteobacteria	o__Pseudomonadales	f__Moraxellaceae	g__Acinetobacter
s__midas_s_43671	p__Firmicutes	c__Bacilli	o__Lactobacillales	f__Aerococcaceae	g__Aerococcus
s__midas_s_4701	p__Proteobacteria	c__Gammaproteobacteria	o__Enterobacterales	f__Aeromonadaceae	g__Aeromonas
s__midas_s_2190	p__Proteobacteria	c__Alphaproteobacteria	o__Rhizobiales	f__Xanthobacteraceae	g__Afipia
s__midas_s_25001	p__Proteobacteria	c__Alphaproteobacteria	o__Rhizobiales	f__Rhizobiaceae	g__Allorhizobium-Neorhizobium-Pararhizobium-Rhizobium
s__Akkermansia_muciniphila	p__Verrucomicrobiota	c__Verrucomicrobiae	o__Verrucomicrobiales	f__Akkermansiaceae	g__Akkermansia
s__midas_s_9908	p__Proteobacteria	c__Gammaproteobacteria	o__Burkholderiales	f__Alcaligenaceae	g__Alcaligenes
s__Alistipes_indistinctus	p__Bacteroidota	c__Bacteroidia	o__Bacteroidales	f__Rikenellaceae	g__Alistipes
s__midas_s_72221	p__Bacteroidota	c__Bacteroidia	o__Bacteroidales	f__Rikenellaceae	g__Alistipes
s__midas_s_34931	p__Bacteroidota	c__Bacteroidia	o__Bacteroidales	f__Rikenellaceae	g__Alistipes
s__Alistipes_putredinis	p__Bacteroidota	c__Bacteroidia	o__Bacteroidales	f__Rikenellaceae	g__Alistipes
s__Alistipes_shahii	p__Bacteroidota	c__Bacteroidia	o__Bacteroidales	f__Rikenellaceae	g__Alistipes
s__Amaricoccus_kaplicensis	p__Proteobacteria	c__Alphaproteobacteria	o__Rhodobacterales	f__Rhodobacteraceae	g__Amaricoccus
s__Anaerococcus_octavius	p__Firmicutes	c__Clostridia	o__Peptostreptococcales-Tissierellales	f__Family_XI	g__Anaerococcus
s__Anaerostipes_caccae	p__Firmicutes	c__Clostridia	o__Lachnospirales	f__Lachnospiraceae	g__Anaerostipes
s__Anaerostipes_hadrus	p__Firmicutes	c__Clostridia	o__Lachnospirales	f__Lachnospiraceae	g__Anaerostipes
s__midas_s_32193	p__Proteobacteria	c__Alphaproteobacteria	o__Rhizobiales	f__Xanthobacteraceae	g__Ancylobacter
s__Arcobacter_butzleri	p__Campylobacterota	c__Campylobacteria	o__Campylobacterales	f__Arcobacteraceae	g__Arcobacter
s__midas_s_2255	p__Campylobacterota	c__Campylobacteria	o__Campylobacterales	f__Arcobacteraceae	g__Arcobacter
s__midas_s_115162	p__Actinobacteriota	c__Actinobacteria	o__Micrococcales	f__Micrococcaceae	g__Pseudarthrobacter
s__midas_s_67548	p__Firmicutes	c__Bacilli	o__Bacillales	f__Bacillaceae	g__Bacillus
s__midas_s_59078	p__Firmicutes	c__Bacilli	o__Bacillales	f__Bacillaceae	g__Bacillus
s__midas_s_120159	p__Firmicutes	c__Bacilli	o__Bacillales	f__Planococcaceae	g__Bhargavaea
s__midas_s_9537	p__Firmicutes	c__Bacilli	o__Bacillales	f__Bacillaceae	g__Bacillus
s__Bacillus_circulans	p__Firmicutes	c__Bacilli	o__Bacillales	f__Bacillaceae	g__Bacillus
s__Bacillus_clausii	p__Firmicutes	c__Bacilli	o__Bacillales	f__Bacillaceae	g__Bacillus
s__Bacillus_firmus	p__Firmicutes	c__Bacilli	o__Bacillales	f__Bacillaceae	g__Bacillus
s__midas_s_65169	p__Firmicutes	c__Bacilli	o__Bacillales	f__Bacillaceae	g__Bacillus
s__midas_s_107744	p__Firmicutes	c__Bacilli	o__Bacillales	f__Bacillaceae	g__Bacillus
s__Bacteroides_caccae	p__Bacteroidota	c__Bacteroidia	o__Bacteroidales	f__Bacteroidaceae	g__Bacteroides
s__Bacteroides_cellulosilyticus	p__Bacteroidota	c__Bacteroidia	o__Bacteroidales	f__Bacteroidaceae	g__Bacteroides
s__Bacteroides_clarus	p__Bacteroidota	c__Bacteroidia	o__Bacteroidales	f__Bacteroidaceae	g__Bacteroides
s__Bacteroides_coprocola	p__Bacteroidota	c__Bacteroidia	o__Bacteroidales	f__Bacteroidaceae	g__Bacteroides
s__Bacteroides_coprophilus	p__Bacteroidota	c__Bacteroidia	o__Bacteroidales	f__Bacteroidaceae	g__Bacteroides
s__Bacteroides_dorei	p__Bacteroidota	c__Bacteroidia	o__Bacteroidales	f__Bacteroidaceae	g__Bacteroides
s__Bacteroides_eggerthii	p__Bacteroidota	c__Bacteroidia	o__Bacteroidales	f__Bacteroidaceae	g__Bacteroides
s__Bacteroides_thetaiotaomicron	p__Bacteroidota	c__Bacteroidia	o__Bacteroidales	f__Bacteroidaceae	g__Bacteroides
s__Bacteroides_finegoldii	p__Bacteroidota	c__Bacteroidia	o__Bacteroidales	f__Bacteroidaceae	g__Bacteroides
s__midas_s_45413	p__Bacteroidota	c__Bacteroidia	o__Bacteroidales	f__Bacteroidaceae	g__Bacteroides
s__Bacteroides_graminisolvens	p__Bacteroidota	c__Bacteroidia	o__Bacteroidales	f__Bacteroidaceae	g__Bacteroides
s__Bacteroides_intestinalis	p__Bacteroidota	c__Bacteroidia	o__Bacteroidales	f__Bacteroidaceae	g__Bacteroides
s__Bacteroides_massiliensis	p__Bacteroidota	c__Bacteroidia	o__Bacteroidales	f__Bacteroidaceae	g__Bacteroides
s__Bacteroides_plebeius	p__Bacteroidota	c__Bacteroidia	o__Bacteroidales	f__Bacteroidaceae	g__Bacteroides
s__Bacteroides_pyogenes	p__Bacteroidota	c__Bacteroidia	o__Bacteroidales	f__Bacteroidaceae	g__Bacteroides
s__Bacteroides_salyersiae	p__Bacteroidota	c__Bacteroidia	o__Bacteroidales	f__Bacteroidaceae	g__Bacteroides
s__Bacteroides_stercoris	p__Bacteroidota	c__Bacteroidia	o__Bacteroidales	f__Bacteroidaceae	g__Bacteroides
s__Bacteroides_uniformis	p__Bacteroidota	c__Bacteroidia	o__Bacteroidales	f__Bacteroidaceae	g__Bacteroides
s__Bacteroides_vulgatus	p__Bacteroidota	c__Bacteroidia	o__Bacteroidales	f__Bacteroidaceae	g__Bacteroides
s__midas_s_83415	p__Bacteroidota	c__Bacteroidia	o__Bacteroidales	f__Bacteroidaceae	g__Bacteroides
s__midas_s_56032	p__Bacteroidota	c__Bacteroidia	o__Bacteroidales	f__Barnesiellaceae	g__Barnesiella
s__Bifidobacterium_bifidum	p__Actinobacteriota	c__Actinobacteria	o__Bifidobacteriales	f__Bifidobacteriaceae	g__Bifidobacterium
s__midas_s_92048	p__Actinobacteriota	c__Actinobacteria	o__Bifidobacteriales	f__Bifidobacteriaceae	g__Bifidobacterium
s__midas_s_110072	p__Actinobacteriota	c__Actinobacteria	o__Bifidobacteriales	f__Bifidobacteriaceae	g__Bifidobacterium
s__Bifidobacterium_longum	p__Actinobacteriota	c__Actinobacteria	o__Bifidobacteriales	f__Bifidobacteriaceae	g__Bifidobacterium
s__Bifidobacterium_mongoliense	p__Actinobacteriota	c__Actinobacteria	o__Bifidobacteriales	f__Bifidobacteriaceae	g__Bifidobacterium
s__midas_s_96462	p__Actinobacteriota	c__Actinobacteria	o__Bifidobacteriales	f__Bifidobacteriaceae	g__Bifidobacterium
s__midas_s_78457	p__Firmicutes	c__Clostridia	o__Lachnospirales	f__Lachnospiraceae	g__Blautia
s__midas_s_8259	p__Firmicutes	c__Clostridia	o__Lachnospirales	f__Lachnospiraceae	g__Blautia
s__Blautia_hansenii	p__Firmicutes	c__Clostridia	o__Lachnospirales	f__Lachnospiraceae	g__Blautia
s__Blautia_hydrogenotrophica	p__Firmicutes	c__Clostridia	o__Lachnospirales	f__Lachnospiraceae	g__Blautia
s__Blautia_wexlerae	p__Firmicutes	c__Clostridia	o__Lachnospirales	f__Lachnospiraceae	g__Blautia
s__midas_s_3629	p__Proteobacteria	c__Alphaproteobacteria	o__Rhizobiales	f__Xanthobacteraceae	g__Bradyrhizobium
s__midas_s_43232	p__Actinobacteriota	c__Actinobacteria	o__Micrococcales	f__Brevibacteriaceae	g__Brevibacterium
s__midas_s_25101	p__Proteobacteria	c__Alphaproteobacteria	o__Caulobacterales	f__Caulobacteraceae	g__Brevundimonas
s__midas_s_10036	p__Firmicutes	c__Bacilli	o__Lactobacillales	f__Listeriaceae	g__Brochothrix
s__midas_s_9541	p__Campylobacterota	c__Campylobacteria	o__Campylobacterales	f__Campylobacteraceae	g__Campylobacter
s__Catenibacterium_mitsuokai	p__Firmicutes	c__Bacilli	o__Erysipelotrichales	f__Erysipelatoclostridiaceae	g__Catenibacterium
s__Chryseobacterium_hominis	p__Bacteroidota	c__Bacteroidia	o__Flavobacteriales	f__Weeksellaceae	g__Chryseobacterium
s__midas_s_115031	p__Proteobacteria	c__Gammaproteobacteria	o__Enterobacterales	f__Enterobacteriaceae	g__Citrobacter
s__midas_s_9538	p__Proteobacteria	c__Gammaproteobacteria	o__Enterobacterales	f__Enterobacteriaceae	g__Salmonella
s__midas_s_14931	p__Proteobacteria	c__Gammaproteobacteria	o__Enterobacterales	f__Enterobacteriaceae	g__Kluyvera
s__Clostridium_amazonense	p__Firmicutes	c__Clostridia	o__Clostridiales	f__Clostridiaceae	g__Clostridium_sensu_stricto_11
s__Intestinibacter_bartlettii	p__Firmicutes	c__Clostridia	o__Peptostreptococcales-Tissierellales	f__Peptostreptococcaceae	g__Intestinibacter
s__Clostridium_haemolyticum	p__Firmicutes	c__Clostridia	o__Clostridiales	f__Clostridiaceae	g__Clostridium_sensu_stricto_7
s__Clostridium_saccharoperbutylacetonicum	p__Firmicutes	c__Clostridia	o__Clostridiales	f__Clostridiaceae	g__Clostridium_sensu_stricto_1
s__Clostridium_chartatabidum	p__Firmicutes	c__Clostridia	o__Clostridiales	f__Clostridiaceae	g__Clostridium_sensu_stricto_1
s__Clostridium_citroniae	p__Firmicutes	c__Clostridia	o__Lachnospirales	f__Lachnospiraceae	g__Lachnoclostridium
s__Clostridium_cochlearium	p__Firmicutes	c__Clostridia	o__Clostridiales	f__Clostridiaceae	g__Clostridium_sensu_stricto_15
s__midas_s_64	p__Firmicutes	c__Clostridia	o__Clostridiales	f__Clostridiaceae	g__Clostridium_sensu_stricto_1
s__midas_s_37284	p__Firmicutes	c__Clostridia	o__Peptostreptococcales-Tissierellales	f__Peptostreptococcaceae	g__Paeniclostridium
s__midas_s_78	p__Firmicutes	c__Clostridia	o__Peptostreptococcales-Tissierellales	f__Peptostreptococcaceae	g__Terrisporobacter
s__Anaerotignum_lactatifermentans	p__Firmicutes	c__Clostridia	o__Lachnospirales	f__Lachnospiraceae	g__Tyzzerella
s__Hathewaya_limosa	p__Firmicutes	c__Clostridia	o__Clostridiales	f__Clostridiaceae	g__Hathewaya
s__Romboutsia_lituseburensis	p__Firmicutes	c__Clostridia	o__Peptostreptococcales-Tissierellales	f__Peptostreptococcaceae	g__Romboutsia
s__Clostridium_paraputrificum	p__Firmicutes	c__Clostridia	o__Clostridiales	f__Clostridiaceae	g__Clostridium_sensu_stricto_1
s__midas_s_24533	p__Firmicutes	c__Clostridia	o__Clostridiales	f__Clostridiaceae	g__Clostridium_sensu_stricto_5
s__Erysipelatoclostridium_ramosum	p__Firmicutes	c__Bacilli	o__Erysipelotrichales	f__Erysipelatoclostridiaceae	g__Erysipelatoclostridium
s__Clostridium_saccharogumia	p__Firmicutes	c__Bacilli	o__Erysipelotrichales	f__Erysipelatoclostridiaceae	g__Erysipelatoclostridium
s__Clostridium_senegalense	p__Firmicutes	c__Clostridia	o__Clostridiales	f__Clostridiaceae	g__Clostridium_sensu_stricto_11
s__Clostridium_spiroforme	p__Firmicutes	c__Bacilli	o__Erysipelotrichales	f__Erysipelatoclostridiaceae	g__Erysipelatoclostridium
s__Collinsella_aerofaciens	p__Actinobacteriota	c__Coriobacteriia	o__Coriobacteriales	f__Coriobacteriaceae	g__Collinsella
s__Comamonas_terrae	p__Proteobacteria	c__Gammaproteobacteria	o__Burkholderiales	f__Comamonadaceae	g__Comamonas
s__midas_s_22325	p__Proteobacteria	c__Gammaproteobacteria	o__Burkholderiales	f__Comamonadaceae	g__Comamonas
s__midas_s_83872	p__Firmicutes	c__Clostridia	o__Lachnospirales	f__Lachnospiraceae	g__Lachnospira
s__midas_s_78537	p__Firmicutes	c__Clostridia	o__Lachnospirales	f__Lachnospiraceae	g__Coprococcus
s__Coprococcus_comes	p__Firmicutes	c__Clostridia	o__Lachnospirales	f__Lachnospiraceae	g__Coprococcus
s__Coprococcus_eutactus	p__Firmicutes	c__Clostridia	o__Lachnospirales	f__Lachnospiraceae	g__Coprococcus
s__Corynebacterium_amycolatum	p__Actinobacteriota	c__Actinobacteria	o__Corynebacteriales	f__Corynebacteriaceae	g__Corynebacterium
s__midas_s_112574	p__Actinobacteriota	c__Actinobacteria	o__Corynebacteriales	f__Corynebacteriaceae	g__Corynebacterium
s__midas_s_5929	p__Actinobacteriota	c__Actinobacteria	o__Corynebacteriales	f__Corynebacteriaceae	g__Corynebacterium
s__midas_s_47766	p__Actinobacteriota	c__Actinobacteria	o__Corynebacteriales	f__Corynebacteriaceae	g__Corynebacterium
s__Desulfovibrio_desulfuricans	p__Desulfobacterota	c__Desulfovibrionia	o__Desulfovibrionales	f__Desulfovibrionaceae	g__Desulfovibrio
s__Desulfovibrio_piger	p__Desulfobacterota	c__Desulfovibrionia	o__Desulfovibrionales	f__Desulfovibrionaceae	g__Desulfovibrio
s__Dialister_succinatiphilus	p__Firmicutes	c__Negativicutes	o__Veillonellales-Selenomonadales	f__Veillonellaceae	g__Dialister
s__midas_s_5446	p__Actinobacteriota	c__Actinobacteria	o__Corynebacteriales	f__Dietziaceae	g__Dietzia
s__Dorea_formicigenerans	p__Firmicutes	c__Clostridia	o__Lachnospirales	f__Lachnospiraceae	g__Dorea
s__Dorea_longicatena	p__Firmicutes	c__Clostridia	o__Lachnospirales	f__Lachnospiraceae	g__Dorea
s__midas_s_52925	p__Proteobacteria	c__Gammaproteobacteria	o__Enterobacterales	f__Enterobacteriaceae	g__Enterobacter
s__midas_s_7050	p__Firmicutes	c__Bacilli	o__Lactobacillales	f__Enterococcaceae	g__Enterococcus
s__midas_s_22870	p__Firmicutes	c__Bacilli	o__Lactobacillales	f__Enterococcaceae	g__Enterococcus
s__midas_s_28677	p__Firmicutes	c__Bacilli	o__Lactobacillales	f__Enterococcaceae	g__Enterococcus
s__midas_s_26657	p__Firmicutes	c__Bacilli	o__Lactobacillales	f__Enterococcaceae	g__Enterococcus
s__midas_s_9572	p__Proteobacteria	c__Gammaproteobacteria	o__Enterobacterales	f__Enterobacteriaceae	g__Escherichia-Shigella
s__midas_s_3613	p__Firmicutes	c__Clostridia	o__Eubacteriales	f__Eubacteriaceae	g__Eubacterium
s__midas_s_15859	p__Firmicutes	c__Bacilli	o__Erysipelotrichales	f__Erysipelotrichaceae	g__Holdemanella
s__midas_s_4949	p__Firmicutes	c__Clostridia	o__Eubacteriales	f__Eubacteriaceae	g__Eubacterium
s__Faecalitalea_cylindroides	p__Firmicutes	c__Bacilli	o__Erysipelotrichales	f__Erysipelotrichaceae	g__Faecalitalea
s__Eubacterium_eligens	p__Firmicutes	c__Clostridia	o__Lachnospirales	f__Lachnospiraceae	g__Eubacterium_eligens_group
s__Eubacterium_hallii	p__Firmicutes	c__Clostridia	o__Lachnospirales	f__Lachnospiraceae	g__Eubacterium_hallii_group
s__midas_s_62867	p__Firmicutes	c__Clostridia	o__Lachnospirales	f__Lachnospiraceae	g__Agathobacter
s__Eubacterium_rectale	p__Firmicutes	c__Clostridia	o__Lachnospirales	f__Lachnospiraceae	g__Agathobacter
s__Eubacterium_siraeum	p__Firmicutes	c__Clostridia	o__Oscillospirales	f__Ruminococcaceae	g__Eubacterium_siraeum_group
s__Eubacterium_ventriosum	p__Firmicutes	c__Clostridia	o__Lachnospirales	f__Lachnospiraceae	g__Eubacterium_ventriosum_group
s__midas_s_84354	p__Firmicutes	c__Bacilli	o__Exiguobacterales	f__Exiguobacteraceae	g__Exiguobacterium
s__Facklamia_tabacinasalis	p__Firmicutes	c__Bacilli	o__Lactobacillales	f__Aerococcaceae	g__Facklamia
s__Faecalibacterium_prausnitzii	p__Firmicutes	c__Clostridia	o__Oscillospirales	f__Ruminococcaceae	g__Faecalibacterium
s__Flavobacterium_cheniae	p__Bacteroidota	c__Bacteroidia	o__Flavobacteriales	f__Flavobacteriaceae	g__Flavobacterium
s__Fusicatenibacter_saccharivorans	p__Firmicutes	c__Clostridia	o__Lachnospirales	f__Lachnospiraceae	g__Fusicatenibacter
s__midas_s_70897	p__Fusobacteriota	c__Fusobacteriia	o__Fusobacteriales	f__Fusobacteriaceae	g__Fusobacterium
s__midas_s_63433	p__Fusobacteriota	c__Fusobacteriia	o__Fusobacteriales	f__Fusobacteriaceae	g__Fusobacterium
s__Gemmiger_formicilis	p__Firmicutes	c__Clostridia	o__Oscillospirales	f__Ruminococcaceae	g__Subdoligranulum
s__midas_s_73363	p__Actinobacteriota	c__Actinobacteria	o__Corynebacteriales	f__Nocardiaceae	g__Gordonia
s__Granulicatella_adiacens	p__Firmicutes	c__Bacilli	o__Lactobacillales	f__Carnobacteriaceae	g__Granulicatella
s__Helicobacter_pylori	p__Campylobacterota	c__Campylobacteria	o__Campylobacterales	f__Helicobacteraceae	g__Helicobacter
s__Hespellia_stercorisuis	p__Firmicutes	c__Clostridia	o__Lachnospirales	f__Lachnospiraceae	g__Hespellia
s__Holdemania_filiformis	p__Firmicutes	c__Bacilli	o__Erysipelotrichales	f__Erysipelotrichaceae	g__Holdemania
s__Holdemania_massiliensis	p__Firmicutes	c__Bacilli	o__Erysipelotrichales	f__Erysipelotrichaceae	g__Holdemania
s__midas_s_71187	p__Firmicutes	c__Clostridia	o__Lachnospirales	f__Lachnospiraceae	g__Howardella
s__Rothia_kristinae	p__Actinobacteriota	c__Actinobacteria	o__Micrococcales	f__Micrococcaceae	g__Kocuria
s__Kocuria_palustris	p__Actinobacteriota	c__Actinobacteria	o__Micrococcales	f__Micrococcaceae	g__Kocuria
s__midas_s_61660	p__Actinobacteriota	c__Actinobacteria	o__Micrococcales	f__Micrococcaceae	g__Kocuria
s__midas_s_113126	p__Actinobacteriota	c__Actinobacteria	o__Micrococcales	f__Micrococcaceae	g__Kocuria
s__Kurthia_huakuii	p__Firmicutes	c__Bacilli	o__Bacillales	f__Planococcaceae	g__Kurthia
s__Lactobacillus_alimentarius	p__Firmicutes	c__Bacilli	o__Lactobacillales	f__Lactobacillaceae	g__Companilactobacillus
s__midas_s_16339	p__Firmicutes	c__Bacilli	o__Lactobacillales	f__Lactobacillaceae	g__Lactobacillus
s__midas_s_51649	p__Firmicutes	c__Bacilli	o__Lactobacillales	f__Lactobacillaceae	g__Limosilactobacillus
s__Lactobacillus_brevis	p__Firmicutes	c__Bacilli	o__Lactobacillales	f__Lactobacillaceae	g__Levilactobacillus
s__midas_s_54368	p__Firmicutes	c__Bacilli	o__Lactobacillales	f__Lactobacillaceae	g__Lentilactobacillus
s__midas_s_8687	p__Firmicutes	c__Bacilli	o__Lactobacillales	f__Lactobacillaceae	g__Lacticaseibacillus
s__Lactobacillus_coleohominis	p__Firmicutes	c__Bacilli	o__Lactobacillales	f__Lactobacillaceae	g__Limosilactobacillus
s__Lactobacillus_coryniformis	p__Firmicutes	c__Bacilli	o__Lactobacillales	f__Lactobacillaceae	g__Loigolactobacillus
s__midas_s_27827	p__Firmicutes	c__Bacilli	o__Lactobacillales	f__Lactobacillaceae	g__Latilactobacillus
s__Lactobacillus_fermentum	p__Firmicutes	c__Bacilli	o__Lactobacillales	f__Lactobacillaceae	g__Limosilactobacillus
s__midas_s_51276	p__Firmicutes	c__Bacilli	o__Lactobacillales	f__Lactobacillaceae	g__Lactobacillus
s__midas_s_113660	p__Firmicutes	c__Bacilli	o__Lactobacillales	f__Lactobacillaceae	g__Amylolactobacillus
s__midas_s_20994	p__Firmicutes	c__Bacilli	o__Lactobacillales	f__Lactobacillaceae	g__Lactobacillus
s__Lactobacillus_delbrueckii	p__Firmicutes	c__Bacilli	o__Lactobacillales	f__Lactobacillaceae	g__Lactobacillus
s__Lactobacillus_mucosae	p__Firmicutes	c__Bacilli	o__Lactobacillales	f__Lactobacillaceae	g__Limosilactobacillus
s__midas_s_36039	p__Firmicutes	c__Bacilli	o__Lactobacillales	f__Lactobacillaceae	g__Lactiplantibacillus
s__Lactobacillus_vaginalis	p__Firmicutes	c__Bacilli	o__Lactobacillales	f__Lactobacillaceae	g__Limosilactobacillus
s__midas_s_32413	p__Firmicutes	c__Clostridia	o__Lachnospirales	f__Lachnospiraceae	g__Lachnospira
s__Lactobacillus_ruminis	p__Firmicutes	c__Bacilli	o__Lactobacillales	f__Lactobacillaceae	g__Ligilactobacillus
s__Lactobacillus_salivarius	p__Firmicutes	c__Bacilli	o__Lactobacillales	f__Lactobacillaceae	g__Ligilactobacillus
s__Lactobacillus_sharpeae	p__Firmicutes	c__Bacilli	o__Lactobacillales	f__Lactobacillaceae	g__Lacticaseibacillus
s__midas_s_24531	p__Firmicutes	c__Bacilli	o__Lactobacillales	f__Streptococcaceae	g__Lactococcus
s__Lactococcus_piscium	p__Firmicutes	c__Bacilli	o__Lactobacillales	f__Streptococcaceae	g__Lactococcus
s__Lactonifactor_longoviformis	p__Firmicutes	c__Clostridia	o__Lachnospirales	f__Lachnospiraceae	g__Lactonifactor
s__midas_s_5123	p__Firmicutes	c__Bacilli	o__Lactobacillales	f__Lactobacillaceae	g__Leuconostoc
s__Limnobacter_thiooxidans	p__Proteobacteria	c__Gammaproteobacteria	o__Burkholderiales	f__Burkholderiaceae	g__Limnobacter
s__midas_s_15934	p__Firmicutes	c__Bacilli	o__Bacillales	f__Planococcaceae	g__Lysinibacillus
s__Lysinibacillus_halotolerans	p__Firmicutes	c__Bacilli	o__Bacillales	f__Planococcaceae	g__Lysinibacillus
s__Megamonas_funiformis	p__Firmicutes	c__Negativicutes	o__Veillonellales-Selenomonadales	f__Selenomonadaceae	g__Megamonas
s__Megasphaera_indica	p__Firmicutes	c__Negativicutes	o__Veillonellales-Selenomonadales	f__Veillonellaceae	g__Megasphaera
s__midas_s_78350	p__Cyanobacteria	c__Vampirivibrionia	o__Gastranaerophilales	f__Acinetobacter_sp._CAG196	g__midas_g_62669
s__Methanobrevibacter_ruminantium	p__Euryarchaeota	c__Methanobacteria	o__Methanobacteriales	f__Methanobacteriaceae	g__Methanobrevibacter
s__Methanobrevibacter_smithii	p__Euryarchaeota	c__Methanobacteria	o__Methanobacteriales	f__Methanobacteriaceae	g__Methanobrevibacter
s__Methanomassiliicoccus_luminyensis	p__Thermoplasmatota	c__Thermoplasmata	o__Methanomassiliicoccales	f__Methanomassiliicoccaceae	g__Methanomassiliicoccus
s__Methanosphaera_stadtmanae	p__Euryarchaeota	c__Methanobacteria	o__Methanobacteriales	f__Methanobacteriaceae	g__Methanosphaera
s__midas_s_3424	p__Actinobacteriota	c__Actinobacteria	o__Micrococcales	f__Microbacteriaceae	g__Microbacterium
s__midas_s_2888	p__Actinobacteriota	c__Actinobacteria	o__Micrococcales	f__Microbacteriaceae	g__Microbacterium
s__midas_s_38540	p__Actinobacteriota	c__Actinobacteria	o__Micrococcales	f__Microbacteriaceae	g__Microbacterium
s__midas_s_60603	p__Actinobacteriota	c__Actinobacteria	o__Micrococcales	f__Micrococcaceae	g__Micrococcus
s__Mitsuokella_jalaludinii	p__Firmicutes	c__Negativicutes	o__Veillonellales-Selenomonadales	f__Selenomonadaceae	g__Mitsuokella
s__Mitsuokella_multacida	p__Firmicutes	c__Negativicutes	o__Veillonellales-Selenomonadales	f__Selenomonadaceae	g__Mitsuokella
s__midas_s_8932	p__Firmicutes	c__Clostridia	o__Peptostreptococcales-Tissierellales	f__Anaerovoracaceae	g__Mogibacterium
s__midas_s_3621	p__Proteobacteria	c__Gammaproteobacteria	o__Pseudomonadales	f__Moraxellaceae	g__Enhydrobacter
s__midas_s_9578	p__Actinobacteriota	c__Actinobacteria	o__Corynebacteriales	f__Mycobacteriaceae	g__Mycobacterium
s__midas_s_17673	p__Actinobacteriota	c__Actinobacteria	o__Corynebacteriales	f__Mycobacteriaceae	g__Mycobacterium
s__midas_s_23810	p__Firmicutes	c__Negativicutes	o__Veillonellales-Selenomonadales	f__Veillonellaceae	g__Dialister
s__midas_s_39713	p__Firmicutes	c__Clostridia	o__Peptostreptococcales-Tissierellales	f__Anaerovoracaceae	g__Family_XIII_AD3011_group
s__midas_s_2347	p__Halobacterota	c__Methanosarcinia	o__Methanosarciniales	f__Methanosaetaceae	g__Methanothrix
s__midas_s_62743	p__Firmicutes	c__Clostridia	o__Lachnospirales	f__Lachnospiraceae	g__Eubacterium_ventriosum_group
s__midas_s_67177	p__Firmicutes	c__Clostridia	o__Oscillospirales	f__Oscillospiraceae	g__UCG-003
s__midas_s_55664	p__Firmicutes	c__Clostridia	o__Christensenellales	f__Christensenellaceae	g__Christensenellaceae_R-7_group
s__midas_s_6488	p__Bacteroidota	c__Bacteroidia	o__Flavobacteriales	f__Weeksellaceae	g__Chryseobacterium
s__midas_s_73785	p__Bacteroidota	c__Bacteroidia	o__Bacteroidales	f__Prevotellaceae	g__Prevotellaceae_NK3B31_group
s__midas_s_88248	p__Firmicutes	c__Clostridia	o__Oscillospirales	f__Ruminococcaceae	g__midas_g_88248
s__midas_s_69630	p__Firmicutes	c__Clostridia	o__Lachnospirales	f__Lachnospiraceae	g__Lachnospiraceae_NK4A136_group
s__midas_s_24340	p__Firmicutes	c__Clostridia	o__Oscillospirales	f__Ruminococcaceae	g__Ruminococcus
s__midas_s_47288	p__Firmicutes	c__Clostridia	o__Peptostreptococcales-Tissierellales	f__Peptostreptococcaceae	g__midas_g_34
s__midas_s_47312	p__Firmicutes	c__Clostridia	o__Lachnospirales	f__Lachnospiraceae	g__Eubacterium_xylanophilum_group
s__midas_s_82060	p__Firmicutes	c__Clostridia	o__Christensenellales	f__Christensenellaceae	g__Christensenellaceae_R-7_group
s__Comamonas_aquatica	p__Proteobacteria	c__Gammaproteobacteria	o__Burkholderiales	f__Comamonadaceae	g__Comamonas
s__midas_s_13308	p__Proteobacteria	c__Gammaproteobacteria	o__Pseudomonadales	f__Pseudomonadaceae	g__Pseudomonas
s__midas_s_29788	p__Firmicutes	c__Clostridia	o__Oscillospirales	f__Oscillospiraceae	g__UCG-005
s__midas_s_9482	p__Firmicutes	c__Bacilli	o__Lactobacillales	f__Lactobacillaceae	g__Leuconostoc
s__Blautia_obeum	p__Firmicutes	c__Clostridia	o__Lachnospirales	f__Lachnospiraceae	g__Blautia
s__midas_s_6181	p__Firmicutes	c__Clostridia	o__Christensenellales	f__Christensenellaceae	g__Christensenellaceae_R-7_group
s__midas_s_62955	p__Proteobacteria	c__Gammaproteobacteria	o__Burkholderiales	f__Comamonadaceae	g__Diaphorobacter
s__midas_s_112834	p__Verrucomicrobiota	c__Verrucomicrobiae	o__Verrucomicrobiales	f__Akkermansiaceae	g__Akkermansia
s__midas_s_57357	p__Firmicutes	c__Clostridia	o__Oscillospirales	f__Ruminococcaceae	g__midas_g_57357
s__midas_s_62794	p__Bacteroidota	c__Bacteroidia	o__Bacteroidales	f__Rikenellaceae	g__Alistipes
s__midas_s_84726	p__Firmicutes	c__Clostridia	o__Lachnospirales	f__Lachnospiraceae	g__midas_g_68114
s__midas_s_60213	p__Firmicutes	c__Clostridia	o__Lachnospirales	f__Lachnospiraceae	g__Blautia
s__midas_s_89003	p__Firmicutes	c__Clostridia	o__Oscillospirales	f__Oscillospiraceae	g__UCG-005
s__midas_s_53701	p__Firmicutes	c__Clostridia	o__Lachnospirales	f__Lachnospiraceae	g__Lachnospira
s__midas_s_74451	p__Proteobacteria	c__Gammaproteobacteria	o__Xanthomonadales	f__Xanthomonadaceae	g__Stenotrophomonas
s__midas_s_79589	p__Firmicutes	c__Clostridia	o__Lachnospirales	f__Lachnospiraceae	g__Lachnospiraceae_NK4A136_group
s__midas_s_83971	p__Proteobacteria	c__Gammaproteobacteria	o__Pseudomonadales	f__Pseudomonadaceae	g__Pseudomonas
s__midas_s_3291	p__Proteobacteria	c__Gammaproteobacteria	o__Burkholderiales	f__Comamonadaceae	g__midas_g_887
s__midas_s_5867	p__Firmicutes	c__Clostridia	o__Oscillospirales	f__Oscillospiraceae	g__UCG-002
s__midas_s_482	p__Proteobacteria	c__Gammaproteobacteria	o__Burkholderiales	f__Comamonadaceae	g__Ottowia
s__midas_s_30718	p__Firmicutes	c__Clostridia	o__Oscillospirales	f__Oscillospiraceae	g__UCG-005
s__midas_s_16056	p__Firmicutes	c__Bacilli	o__RF39	f__midas_f_16056	g__midas_g_16056
s__midas_s_73175	p__Firmicutes	c__Clostridia	o__Lachnospirales	f__Lachnospiraceae	g__midas_g_73175
s__midas_s_112898	p__Firmicutes	c__Clostridia	o__Oscillospirales	f__Oscillospiraceae	g__midas_g_72555
s__midas_s_35810	p__Firmicutes	c__Clostridia	o__Lachnospirales	f__Lachnospiraceae	g__Lachnospira
s__midas_s_31821	p__Proteobacteria	c__Gammaproteobacteria	o__Burkholderiales	f__Comamonadaceae	g__Comamonas
s__midas_s_19672	p__Firmicutes	c__Clostridia	o__Oscillospirales	f__Eubacterium_coprostanoligenes_group	g__midas_g_19672
s__midas_s_60634	p__Firmicutes	c__Clostridia	o__Lachnospirales	f__Lachnospiraceae	g__Ruminococcus_gauvreauii_group
s__midas_s_73575	p__Firmicutes	c__Bacilli	o__Erysipelotrichales	f__Erysipelotrichaceae	g__Merdibacter
s__Alistipes_inops	p__Bacteroidota	c__Bacteroidia	o__Bacteroidales	f__Rikenellaceae	g__Alistipes
s__midas_s_18521	p__Firmicutes	c__Clostridia	o__Monoglobales	f__Monoglobaceae	g__Monoglobus
s__midas_s_5564	p__Firmicutes	c__Clostridia	o__Oscillospirales	f__Oscillospiraceae	g__NK4A214_group
s__midas_s_25016	p__Firmicutes	c__Clostridia	o__Peptostreptococcales-Tissierellales	f__Anaerovoracaceae	g__Mogibacterium
s__Brachymonas_chironomi	p__Proteobacteria	c__Gammaproteobacteria	o__Burkholderiales	f__Comamonadaceae	g__Brachymonas
s__midas_s_5314	p__Firmicutes	c__Clostridia	o__Oscillospirales	f__Oscillospiraceae	g__UCG-002
s__midas_s_3016	p__Actinobacteriota	c__Coriobacteriia	o__Coriobacteriales	f__Eggerthellaceae	g__midas_g_3016
s__midas_s_110136	p__Firmicutes	c__Clostridia	o__Oscillospirales	f__Butyricicoccaceae	g__Butyricicoccus
s__midas_s_71938	p__Firmicutes	c__Clostridia	o__Lachnospirales	f__Lachnospiraceae	g__Epulopiscium
s__midas_s_120236	p__Desulfobacterota	c__Desulfovibrionia	o__Desulfovibrionales	f__Desulfovibrionaceae	g__midas_g_120236
s__midas_s_70127	p__Bacteroidota	c__Bacteroidia	o__Bacteroidales	f__Prevotellaceae	g__Alloprevotella
s__Parabacteroides_distasonis	p__Bacteroidota	c__Bacteroidia	o__Bacteroidales	f__Tannerellaceae	g__Parabacteroides
s__midas_s_14500	p__Firmicutes	c__Bacilli	o__Erysipelotrichales	f__Erysipelatoclostridiaceae	g__Erysipelotrichaceae_UCG-003
s__midas_s_79449	p__Actinobacteriota	c__Actinobacteria	o__Corynebacteriales	f__Corynebacteriaceae	g__Corynebacterium
s__midas_s_43794	p__Firmicutes	c__Clostridia	o__Lachnospirales	f__Lachnospiraceae	g__Blautia
s__midas_s_51318	p__Firmicutes	c__Clostridia	o__Oscillospirales	f__Oscillospiraceae	g__UCG-005
s__midas_s_88453	p__Firmicutes	c__Clostridia	o__Oscillospirales	f__Oscillospiraceae	g__Colidextribacter
s__Alistipes_finegoldii	p__Bacteroidota	c__Bacteroidia	o__Bacteroidales	f__Rikenellaceae	g__Alistipes
s__midas_s_17853	p__Bacteroidota	c__Bacteroidia	o__Bacteroidales	f__Rikenellaceae	g__Alistipes
s__midas_s_44582	p__Firmicutes	c__Clostridia	o__Oscillospirales	f__Eubacterium_coprostanoligenes_group	g__midas_g_5340
s__midas_s_36368	p__Proteobacteria	c__Alphaproteobacteria	o__Rhodospirillales	f__midas_f_28615	g__midas_g_36368
s__midas_s_44669	p__Bacteroidota	c__Bacteroidia	o__Flavobacteriales	f__Weeksellaceae	g__Chryseobacterium
s__midas_s_14498	p__Firmicutes	c__Clostridia	o__Clostridia_UCG-014	f__midas_f_4482	g__midas_g_14498
s__Bacteroides_xylanisolvens	p__Bacteroidota	c__Bacteroidia	o__Bacteroidales	f__Bacteroidaceae	g__Bacteroides
s__midas_s_10115	p__Proteobacteria	c__Gammaproteobacteria	o__Pseudomonadales	f__Pseudomonadaceae	g__Pseudomonas
s__midas_s_8626	p__Actinobacteriota	c__Actinobacteria	o__Propionibacteriales	f__Propionibacteriaceae	g__Propioniciclava
s__midas_s_4194	p__Firmicutes	c__Clostridia	o__Oscillospirales	f__Ruminococcaceae	g__midas_g_4194
s__midas_s_67800	p__Firmicutes	c__Clostridia	o__Lachnospirales	f__Lachnospiraceae	g__Lachnospiraceae_FCS020_group
s__midas_s_48648	p__Firmicutes	c__Clostridia	o__Clostridia_UCG-014	f__midas_f_4482	g__midas_g_4482
s__midas_s_58556	p__Firmicutes	c__Clostridia	o__Peptostreptococcales-Tissierellales	f__Anaerovoracaceae	g__Family_XIII_UCG-001
s__midas_s_39260	p__Firmicutes	c__Clostridia	o__Oscillospirales	f__Oscillospiraceae	g__UCG-002
s__midas_s_74016	p__Firmicutes	c__Clostridia	o__Oscillospirales	f__Ruminococcaceae	g__midas_g_74016
s__midas_s_44285	p__Firmicutes	c__Clostridia	o__Oscillospirales	f__Ruminococcaceae	g__midas_g_44285
s__midas_s_65111	p__Firmicutes	c__Clostridia	o__Lachnospirales	f__Lachnospiraceae	g__Eubacterium_ventriosum_group
s__midas_s_63895	p__Actinobacteriota	c__Actinobacteria	o__Micrococcales	f__Microbacteriaceae	g__Microbacterium
s__midas_s_67551	p__Proteobacteria	c__Gammaproteobacteria	o__Pseudomonadales	f__Pseudomonadaceae	g__Pseudomonas
s__midas_s_77235	p__Firmicutes	c__Clostridia	o__Oscillospirales	f__Eubacterium_coprostanoligenes_group	g__midas_g_77235
s__midas_s_114850	p__Firmicutes	c__Clostridia	o__Oscillospirales	f__Ruminococcaceae	g__midas_g_44285
s__midas_s_80264	p__Firmicutes	c__Clostridia	o__Christensenellales	f__Christensenellaceae	g__Christensenellaceae_R-7_group
s__midas_s_31399	p__Firmicutes	c__Bacilli	o__RF39	f__midas_f_31399	g__midas_g_31399
s__midas_s_89270	p__Firmicutes	c__Clostridia	o__Clostridia_vadinBB60_group	f__midas_f_38442	g__midas_g_89270
s__midas_s_62979	p__Firmicutes	c__Clostridia	o__Clostridia_UCG-014	f__midas_f_4482	g__midas_g_53159
s__midas_s_76245	p__Firmicutes	c__Clostridia	o__Oscillospirales	f__UCG-010	g__midas_g_76245
s__midas_s_31633	p__Firmicutes	c__Bacilli	o__RF39	f__midas_f_16056	g__midas_g_16056
s__midas_s_50612	p__Firmicutes	c__Clostridia	o__Christensenellales	f__Christensenellaceae	g__Christensenellaceae_R-7_group
s__midas_s_52987	p__Firmicutes	c__Clostridia	o__Lachnospirales	f__Lachnospiraceae	g__Eubacterium_ventriosum_group
s__midas_s_57091	p__Firmicutes	c__Clostridia	o__Christensenellales	f__Christensenellaceae	g__Christensenellaceae_R-7_group
s__midas_s_115017	p__Firmicutes	c__Clostridia	o__Lachnospirales	f__Lachnospiraceae	g__Lachnoclostridium
s__midas_s_7948	p__Firmicutes	c__Clostridia	o__Lachnospirales	f__Lachnospiraceae	g__Ruminococcus_gauvreauii_group
s__midas_s_68438	p__Firmicutes	c__Clostridia	o__Oscillospirales	f__UCG-010	g__midas_g_68438
s__Pseudomonas_alcaligenes	p__Proteobacteria	c__Gammaproteobacteria	o__Pseudomonadales	f__Pseudomonadaceae	g__Pseudomonas
s__midas_s_107371	p__Firmicutes	c__Negativicutes	o__Veillonellales-Selenomonadales	f__Selenomonadaceae	g__Anaerovibrio
s__midas_s_79699	p__Firmicutes	c__Clostridia	o__Lachnospirales	f__Lachnospiraceae	g__Blautia
s__midas_s_9233	p__Firmicutes	c__Clostridia	o__Oscillospirales	f__Eubacterium_coprostanoligenes_group	g__midas_g_9233
s__midas_s_59648	p__Firmicutes	c__Clostridia	o__Christensenellales	f__Christensenellaceae	g__Christensenellaceae_R-7_group
s__midas_s_74081	p__Firmicutes	c__Clostridia	o__Lachnospirales	f__Lachnospiraceae	g__Blautia
s__Ruthenibacterium_lactatiformans	p__Firmicutes	c__Clostridia	o__Oscillospirales	f__Ruminococcaceae	g__UBA1819
s__midas_s_83232	p__Firmicutes	c__Clostridia	o__Oscillospirales	f__Ruminococcaceae	g__Faecalibacterium
s__midas_s_32944	p__Firmicutes	c__Clostridia	o__Clostridia_UCG-014	f__midas_f_4482	g__midas_g_4482
s__midas_s_75744	p__Firmicutes	c__Clostridia	o__Christensenellales	f__Christensenellaceae	g__Christensenellaceae_R-7_group
s__midas_s_38383	p__Firmicutes	c__Clostridia	o__Christensenellales	f__Christensenellaceae	g__Christensenellaceae_R-7_group
s__midas_s_8361	p__Firmicutes	c__Clostridia	o__Oscillospirales	f__Oscillospiraceae	g__Colidextribacter
s__midas_s_34115	p__Firmicutes	c__Clostridia	o__Clostridia_UCG-014	f__midas_f_4482	g__midas_g_34115
s__midas_s_41331	p__Firmicutes	c__Clostridia	o__Peptostreptococcales-Tissierellales	f__Anaerovoracaceae	g__Family_XIII_AD3011_group
s__midas_s_65599	p__Firmicutes	c__Clostridia	o__Peptostreptococcales-Tissierellales	f__Anaerovoracaceae	g__Eubacterium_brachy_group
s__midas_s_1191	p__Firmicutes	c__Clostridia	o__Oscillospirales	f__Ruminococcaceae	g__Ruminococcus
s__midas_s_60012	p__Firmicutes	c__Clostridia	o__Oscillospirales	f__Ruminococcaceae	g__Ruminococcus
s__midas_s_46152	p__Proteobacteria	c__Alphaproteobacteria	o__Rhodospirillales	f__midas_f_28615	g__midas_g_46152
s__midas_s_65871	p__Firmicutes	c__Clostridia	o__Lachnospirales	f__Lachnospiraceae	g__Lachnospiraceae_NK4A136_group
s__midas_s_57029	p__Firmicutes	c__Clostridia	o__Oscillospirales	f__Oscillospiraceae	g__UCG-002
s__midas_s_28615	p__Proteobacteria	c__Alphaproteobacteria	o__Rhodospirillales	f__midas_f_28615	g__midas_g_28615
s__Phenylobacterium_conjunctum	p__Proteobacteria	c__Alphaproteobacteria	o__Caulobacterales	f__Caulobacteraceae	g__Phenylobacterium
s__midas_s_6748	p__Firmicutes	c__Clostridia	o__Clostridia_UCG-014	f__midas_f_6748	g__midas_g_6748
s__midas_s_67818	p__Bacteroidota	c__Bacteroidia	o__Bacteroidales	f__Muribaculaceae	g__midas_g_67818
s__midas_s_29718	p__Firmicutes	c__Clostridia	o__Oscillospirales	f__Ruminococcaceae	g__Ruminococcus
s__Bacteroides_ovatus	p__Bacteroidota	c__Bacteroidia	o__Bacteroidales	f__Bacteroidaceae	g__Bacteroides
s__Stenotrophomonas_koreensis	p__Proteobacteria	c__Gammaproteobacteria	o__Xanthomonadales	f__Xanthomonadaceae	g__Stenotrophomonas
s__midas_s_116273	p__Proteobacteria	c__Gammaproteobacteria	o__Pseudomonadales	f__Pseudomonadaceae	g__Pseudomonas
s__midas_s_1949	p__Proteobacteria	c__Alphaproteobacteria	o__Sphingomonadales	f__Sphingomonadaceae	g__Novosphingobium
s__midas_s_5918	p__Firmicutes	c__Clostridia	o__Peptostreptococcales-Tissierellales	f__Peptostreptococcaceae	g__Romboutsia
s__midas_s_40578	p__Firmicutes	c__Clostridia	o__Lachnospirales	f__Lachnospiraceae	g__Eubacterium_hallii_group
s__Enterococcus_faecalis	p__Firmicutes	c__Bacilli	o__Lactobacillales	f__Enterococcaceae	g__Enterococcus
s__midas_s_22643	p__Firmicutes	c__Clostridia	o__Oscillospirales	f__Ruminococcaceae	g__CAG-352
s__midas_s_75194	p__Bacteroidota	c__Bacteroidia	o__Bacteroidales	f__Prevotellaceae	g__midas_g_75194
s__midas_s_35131	p__Proteobacteria	c__Alphaproteobacteria	o__Sphingomonadales	f__Sphingomonadaceae	g__Novosphingobium
s__Comamonas_nitrativorans	p__Proteobacteria	c__Gammaproteobacteria	o__Burkholderiales	f__Comamonadaceae	g__Comamonas
s__midas_s_102334	p__Cyanobacteria	c__Cyanobacteriia	o__Chloroplast	f__Sanionia_uncinata	g__midas_g_29625
s__midas_s_31044	p__Firmicutes	c__Clostridia	o__Lachnospirales	f__Lachnospiraceae	g__CAG-56
s__midas_s_23224	p__Firmicutes	c__Clostridia	o__Oscillospirales	f__Ruminococcaceae	g__Ruminococcus
s__midas_s_32693	p__Proteobacteria	c__Gammaproteobacteria	o__Pseudomonadales	f__Moraxellaceae	g__Acinetobacter
s__midas_s_70739	p__Proteobacteria	c__Gammaproteobacteria	o__Burkholderiales	f__Sutterellaceae	g__Sutterella
s__Ruminococcus_bromii	p__Firmicutes	c__Clostridia	o__Oscillospirales	f__Ruminococcaceae	g__Ruminococcus
s__midas_s_25603	p__Firmicutes	c__Clostridia	o__Clostridia_UCG-014	f__midas_f_4482	g__midas_g_25603
s__midas_s_56962	p__Firmicutes	c__Clostridia	o__Lachnospirales	f__Lachnospiraceae	g__Lachnospiraceae_UCG-008
s__midas_s_46085	p__Firmicutes	c__Clostridia	o__Oscillospirales	f__Oscillospiraceae	g__UCG-005
s__Sellimonas_intestinalis	p__Firmicutes	c__Clostridia	o__Lachnospirales	f__Lachnospiraceae	g__Sellimonas
s__midas_s_89273	p__Firmicutes	c__Clostridia	o__Lachnospirales	f__Lachnospiraceae	g__Lachnospiraceae_UCG-003
s__midas_s_8585	p__Firmicutes	c__Clostridia	o__Lachnospirales	f__Lachnospiraceae	g__Coprococcus
s__midas_s_115443	p__Bacteroidota	c__Bacteroidia	o__Bacteroidales	f__Rikenellaceae	g__Rikenellaceae_RC9_gut_group
s__Pseudomonas_flexibilis	p__Proteobacteria	c__Gammaproteobacteria	o__Pseudomonadales	f__Pseudomonadaceae	g__Pseudomonas
s__Chryseobacterium_haifense	p__Bacteroidota	c__Bacteroidia	o__Flavobacteriales	f__Weeksellaceae	g__Chryseobacterium
s__midas_s_67536	p__Actinobacteriota	c__Coriobacteriia	o__OPB41	f__midas_f_3016	g__midas_g_67536
s__midas_s_51204	p__Proteobacteria	c__Gammaproteobacteria	o__Pseudomonadales	f__Pseudomonadaceae	g__Pseudomonas
s__midas_s_71367	p__Firmicutes	c__Clostridia	o__Lachnospirales	f__Lachnospiraceae	g__midas_g_71367
s__Bacteroides_nordii	p__Bacteroidota	c__Bacteroidia	o__Bacteroidales	f__Bacteroidaceae	g__Bacteroides
s__midas_s_42694	p__Proteobacteria	c__Alphaproteobacteria	o__Rhodospirillales	f__midas_f_28615	g__midas_g_42694
s__midas_s_62346	p__Firmicutes	c__Clostridia	o__Christensenellales	f__Christensenellaceae	g__Christensenellaceae_R-7_group
s__midas_s_110486	p__Actinobacteriota	c__Coriobacteriia	o__Coriobacteriales	f__Atopobiaceae	g__Olsenella
s__midas_s_50176	p__Firmicutes	c__Clostridia	o__Oscillospirales	f__Oscillospiraceae	g__UCG-002
s__Leptonema_illini	p__Spirochaetota	c__Leptospirae	o__Leptospirales	f__Leptospiraceae	g__Leptonema
s__Massilia_aurea	p__Proteobacteria	c__Gammaproteobacteria	o__Burkholderiales	f__Oxalobacteraceae	g__Massilia
s__midas_s_55252	p__Bacteroidota	c__Bacteroidia	o__Bacteroidales	f__Prevotellaceae	g__Prevotella_9
s__midas_s_59275	p__Proteobacteria	c__Gammaproteobacteria	o__Enterobacterales	f__Succinivibrionaceae	g__Succinivibrio
s__midas_s_31061	p__Firmicutes	c__Negativicutes	o__Veillonellales-Selenomonadales	f__Veillonellaceae	g__Dialister
s__midas_s_66593	p__Firmicutes	c__Clostridia	o__Lachnospirales	f__Lachnospiraceae	g__Eubacterium_xylanophilum_group
s__midas_s_86198	p__Proteobacteria	c__Alphaproteobacteria	o__Sphingomonadales	f__Sphingomonadaceae	g__Sphingomonas
s__midas_s_34293	p__Firmicutes	c__Clostridia	o__Lachnospirales	f__Lachnospiraceae	g__Lachnospiraceae_NK4A136_group
s__Sphingobacterium_mizutaii	p__Bacteroidota	c__Bacteroidia	o__Sphingobacteriales	f__Sphingobacteriaceae	g__Sphingobacterium
s__midas_s_2629	p__Firmicutes	c__Clostridia	o__Christensenellales	f__Christensenellaceae	g__Christensenellaceae_R-7_group
s__midas_s_76801	p__Bacteroidota	c__Bacteroidia	o__Bacteroidales	f__Prevotellaceae	g__Prevotella
s__Ruminococcus_torques	p__Firmicutes	c__Clostridia	o__Lachnospirales	f__Lachnospiraceae	g__Ruminococcus_torques_group
s__midas_s_50099	p__Firmicutes	c__Clostridia	o__Oscillospirales	f__Ruminococcaceae	g__Faecalibacterium
s__midas_s_70171	p__Bacteroidota	c__Bacteroidia	o__Flavobacteriales	f__Weeksellaceae	g__Chryseobacterium
s__midas_s_35436	p__Firmicutes	c__Bacilli	o__RF39	f__midas_f_31399	g__midas_g_35436
s__midas_s_45711	p__Firmicutes	c__Bacilli	o__Erysipelotrichales	f__Erysipelotrichaceae	g__Catenisphaera
s__midas_s_53802	p__Firmicutes	c__Clostridia	o__Oscillospirales	f__Ruminococcaceae	g__midas_g_53802
s__midas_s_50924	p__Firmicutes	c__Bacilli	o__Bacillales	f__Bacillaceae	g__Bacillus
s__midas_s_25303	p__Firmicutes	c__Clostridia	o__Oscillospirales	f__Oscillospiraceae	g__NK4A214_group
s__midas_s_116150	p__Firmicutes	c__Clostridia	o__Oscillospirales	f__Ruminococcaceae	g__Negativibacillus
s__midas_s_30707	p__Firmicutes	c__Clostridia	o__Lachnospirales	f__Lachnospiraceae	g__Lachnospiraceae_ND3007_group
s__midas_s_16719	p__Proteobacteria	c__Alphaproteobacteria	o__Rhodobacterales	f__Rhodobacteraceae	g__Paracoccus
s__midas_s_1546	p__Proteobacteria	c__Gammaproteobacteria	o__Burkholderiales	f__Comamonadaceae	g__Diaphorobacter
s__midas_s_11648	p__Proteobacteria	c__Gammaproteobacteria	o__Enterobacterales	f__Yersiniaceae	g__Serratia
s__midas_s_72555	p__Firmicutes	c__Clostridia	o__Oscillospirales	f__Oscillospiraceae	g__midas_g_72555
s__midas_s_58886	p__Bacteroidota	c__Bacteroidia	o__Bacteroidales	f__Prevotellaceae	g__Prevotella_9
s__midas_s_73106	p__Firmicutes	c__Clostridia	o__Oscillospirales	f__Ruminococcaceae	g__midas_g_73106
s__midas_s_34	p__Firmicutes	c__Clostridia	o__Peptostreptococcales-Tissierellales	f__Peptostreptococcaceae	g__Romboutsia
s__midas_s_74214	p__Firmicutes	c__Clostridia	o__Lachnospirales	f__Lachnospiraceae	g__Lachnospiraceae_FCS020_group
s__Acinetobacter_towneri	p__Proteobacteria	c__Gammaproteobacteria	o__Pseudomonadales	f__Moraxellaceae	g__Acinetobacter
s__midas_s_48221	p__Firmicutes	c__Clostridia	o__Lachnospirales	f__Lachnospiraceae	g__Tyzzerella
s__midas_s_84907	p__Firmicutes	c__Clostridia	o__Oscillospirales	f__Ruminococcaceae	g__midas_g_84907
s__midas_s_62834	p__Firmicutes	c__Clostridia	o__Lachnospirales	f__Lachnospiraceae	g__Lachnospiraceae_UCG-001
s__midas_s_62090	p__Firmicutes	c__Clostridia	o__Oscillospirales	f__Oscillospiraceae	g__UCG-005
s__midas_s_27369	p__Firmicutes	c__Clostridia	o__Clostridia_UCG-014	f__midas_f_4482	g__midas_g_4482
s__midas_s_65746	p__Firmicutes	c__Clostridia	o__Clostridia_UCG-014	f__midas_f_4482	g__midas_g_23078
s__midas_s_16591	p__Proteobacteria	c__Gammaproteobacteria	o__Xanthomonadales	f__Xanthomonadaceae	g__Pseudoxanthomonas
s__midas_s_14052	p__Proteobacteria	c__Gammaproteobacteria	o__Xanthomonadales	f__Xanthomonadaceae	g__Stenotrophomonas
s__midas_s_71758	p__Firmicutes	c__Clostridia	o__Lachnospirales	f__Lachnospiraceae	g__Ruminococcus_gauvreauii_group
s__midas_s_80848	p__Bacteroidota	c__Bacteroidia	o__Bacteroidales	f__Prevotellaceae	g__Prevotella_9
s__midas_s_42939	p__Proteobacteria	c__Gammaproteobacteria	o__Burkholderiales	f__Comamonadaceae	g__Acidovorax
s__Alistipes_onderdonkii	p__Bacteroidota	c__Bacteroidia	o__Bacteroidales	f__Rikenellaceae	g__Alistipes
s__midas_s_43734	p__Firmicutes	c__Clostridia	o__Lachnospirales	f__Lachnospiraceae	g__midas_g_3008
s__midas_s_9400	p__Firmicutes	c__Clostridia	o__Clostridia_UCG-014	f__midas_f_4482	g__midas_g_9400
s__midas_s_1124	p__Proteobacteria	c__Gammaproteobacteria	o__Pseudomonadales	f__Moraxellaceae	g__Acinetobacter
s__Megasphaera_massiliensis	p__Firmicutes	c__Negativicutes	o__Veillonellales-Selenomonadales	f__Veillonellaceae	g__Megasphaera
s__midas_s_72631	p__Firmicutes	c__Negativicutes	o__Acidaminococcales	f__Acidaminococcaceae	g__Phascolarctobacterium
s__midas_s_38855	p__Firmicutes	c__Bacilli	o__Erysipelotrichales	f__Erysipelotrichaceae	g__Solobacterium
s__midas_s_10669	p__Proteobacteria	c__Gammaproteobacteria	o__Pseudomonadales	f__Pseudomonadaceae	g__Pseudomonas
s__midas_s_60431	p__Firmicutes	c__Bacilli	o__Erysipelotrichales	f__Erysipelatoclostridiaceae	g__Erysipelotrichaceae_UCG-003
s__Faecalimonas_umbilicata	p__Firmicutes	c__Clostridia	o__Lachnospirales	f__Lachnospiraceae	g__midas_g_64438
s__midas_s_3961	p__Firmicutes	c__Clostridia	o__Oscillospirales	f__Oscillospiraceae	g__UCG-002
s__midas_s_119100	p__Firmicutes	c__Clostridia	o__Christensenellales	f__Christensenellaceae	g__Christensenellaceae_R-7_group
s__midas_s_68994	p__Firmicutes	c__Bacilli	o__Izemoplasmatales	f__midas_f_16343	g__midas_g_68994
s__midas_s_114964	p__Bacteroidota	c__Bacteroidia	o__Bacteroidales	f__Rikenellaceae	g__Rikenellaceae_RC9_gut_group
s__midas_s_88977	p__Firmicutes	c__Clostridia	o__Clostridiales	f__Clostridiaceae	g__Clostridium_sensu_stricto_13
s__midas_s_23221	p__Firmicutes	c__Clostridia	o__Clostridia_UCG-014	f__midas_f_4482	g__midas_g_14615
s__Olsenella_umbonata	p__Actinobacteriota	c__Coriobacteriia	o__Coriobacteriales	f__Atopobiaceae	g__Olsenella
s__midas_s_7859	p__Firmicutes	c__Clostridia	o__Oscillospirales	f__Eubacterium_coprostanoligenes_group	g__midas_g_7859
s__midas_s_35826	p__Firmicutes	c__Clostridia	o__Clostridia_UCG-014	f__midas_f_4482	g__midas_g_35826
s__Flavobacterium_sasangense	p__Bacteroidota	c__Bacteroidia	o__Flavobacteriales	f__Flavobacteriaceae	g__Flavobacterium
s__midas_s_110901	p__Firmicutes	c__Clostridia	o__Peptostreptococcales-Tissierellales	f__Family_XI	g__Peptoniphilus
s__Weissella_soli	p__Firmicutes	c__Bacilli	o__Lactobacillales	f__Lactobacillaceae	g__Weissella
s__midas_s_4482	p__Firmicutes	c__Clostridia	o__Clostridia_UCG-014	f__midas_f_4482	g__midas_g_4482
s__midas_s_5739	p__Firmicutes	c__Clostridia	o__Oscillospirales	f__Ruminococcaceae	g__Ruminococcus
s__midas_s_101	p__Firmicutes	c__Clostridia	o__Clostridiales	f__Clostridiaceae	g__Clostridium_sensu_stricto_1
s__midas_s_2809	p__Firmicutes	c__Clostridia	o__Christensenellales	f__Christensenellaceae	g__Christensenellaceae_R-7_group
s__midas_s_50946	p__Firmicutes	c__Clostridia	o__Oscillospirales	f__Ruminococcaceae	g__Faecalibacterium
s__midas_s_22262	p__Firmicutes	c__Clostridia	o__Oscillospirales	f__Oscillospiraceae	g__NK4A214_group
s__midas_s_9142	p__Proteobacteria	c__Gammaproteobacteria	o__Burkholderiales	f__Alcaligenaceae	g__midas_g_9142
s__midas_s_84743	p__Firmicutes	c__Clostridia	o__Christensenellales	f__Christensenellaceae	g__Christensenellaceae_R-7_group
s__midas_s_58625	p__Firmicutes	c__Clostridia	o__Lachnospirales	f__Lachnospiraceae	g__Ruminococcus_torques_group
s__midas_s_56185	p__Firmicutes	c__Clostridia	o__Lachnospirales	f__Lachnospiraceae	g__Blautia
s__midas_s_116089	p__Bacteroidota	c__Bacteroidia	o__Bacteroidales	f__Prevotellaceae	g__Prevotella_7
s__midas_s_6032	p__Firmicutes	c__Clostridia	o__Monoglobales	f__Monoglobaceae	g__Monoglobus
s__midas_s_12138	p__Firmicutes	c__Bacilli	o__Erysipelotrichales	f__Erysipelotrichaceae	g__Catenisphaera
s__midas_s_58355	p__Firmicutes	c__Clostridia	o__Oscillospirales	f__Ruminococcaceae	g__Ruminococcus
s__midas_s_39206	p__Actinobacteriota	c__Coriobacteriia	o__OPB41	f__midas_f_3016	g__midas_g_39206
s__Clostridium_leptum	p__Firmicutes	c__Clostridia	o__Oscillospirales	f__Ruminococcaceae	g__midas_g_38862
s__midas_s_54986	p__Firmicutes	c__Clostridia	o__Eubacteriales	f__Eubacteriaceae	g__Eubacterium
s__midas_s_29062	p__Proteobacteria	c__Gammaproteobacteria	o__Pseudomonadales	f__Pseudomonadaceae	g__Pseudomonas
s__midas_s_12457	p__Firmicutes	c__Clostridia	o__Oscillospirales	f__Eubacterium_coprostanoligenes_group	g__midas_g_5340
s__midas_s_52240	p__Firmicutes	c__Clostridia	o__Oscillospirales	f__Ruminococcaceae	g__Faecalibacterium
s__midas_s_27624	p__Proteobacteria	c__Gammaproteobacteria	o__Pseudomonadales	f__Pseudomonadaceae	g__Pseudomonas
s__midas_s_55724	p__Proteobacteria	c__Alphaproteobacteria	o__Sphingomonadales	f__Sphingomonadaceae	g__SD04E11
s__midas_s_46740	p__Proteobacteria	c__Alphaproteobacteria	o__Sphingomonadales	f__Sphingomonadaceae	g__Sphingomonas
s__midas_s_73815	p__Firmicutes	c__Clostridia	o__Oscillospirales	f__Ruminococcaceae	g__Ruminococcus
s__midas_s_61329	p__Firmicutes	c__Clostridia	o__Oscillospirales	f__Oscillospiraceae	g__Oscillibacter
s__midas_s_27892	p__Firmicutes	c__Clostridia	o__Peptostreptococcales-Tissierellales	f__Anaerovoracaceae	g__Family_XIII_AD3011_group
s__midas_s_5340	p__Firmicutes	c__Clostridia	o__Oscillospirales	f__Eubacterium_coprostanoligenes_group	g__midas_g_5340
s__midas_s_15426	p__Proteobacteria	c__Gammaproteobacteria	o__Enterobacterales	f__Yersiniaceae	g__Serratia
s__midas_s_80648	p__Firmicutes	c__Clostridia	o__Lachnospirales	f__Lachnospiraceae	g__Roseburia
s__midas_s_64438	p__Firmicutes	c__Clostridia	o__Lachnospirales	f__Lachnospiraceae	g__Tyzzerella
s__midas_s_21769	p__Proteobacteria	c__Gammaproteobacteria	o__Burkholderiales	f__Alcaligenaceae	g__GKS98_freshwater_group
s__midas_s_2753	p__Proteobacteria	c__Gammaproteobacteria	o__Burkholderiales	f__Comamonadaceae	g__Ottowia
s__midas_s_53637	p__Firmicutes	c__Clostridia	o__Lachnospirales	f__Lachnospiraceae	g__Lachnospiraceae_NK4A136_group
s__midas_s_44685	p__Firmicutes	c__Clostridia	o__Oscillospirales	f__Oscillospiraceae	g__UCG-005
s__midas_s_70758	p__Firmicutes	c__Clostridia	o__Oscillospirales	f__Oscillospiraceae	g__Colidextribacter
s__midas_s_51798	p__Firmicutes	c__Clostridia	o__Lachnospirales	f__Lachnospiraceae	g__midas_g_51798
s__midas_s_110867	p__Desulfobacterota	c__Desulfovibrionia	o__Desulfovibrionales	f__Desulfovibrionaceae	g__Desulfovibrio
s__midas_s_82468	p__Firmicutes	c__Bacilli	o__Lactobacillales	f__Streptococcaceae	g__Streptococcus
s__midas_s_106332	p__Firmicutes	c__Negativicutes	o__Acidaminococcales	f__Acidaminococcaceae	g__Acidaminococcus
s__midas_s_5550	p__Firmicutes	c__Clostridia	o__Oscillospirales	f__Ruminococcaceae	g__Ruminococcus
s__midas_s_47929	p__Firmicutes	c__Bacilli	o__RF39	f__midas_f_40318	g__midas_g_47929
s__midas_s_61739	p__Firmicutes	c__Clostridia	o__Lachnospirales	f__Lachnospiraceae	g__Frisingicoccus
s__midas_s_43310	p__Firmicutes	c__Clostridia	o__Lachnospirales	f__Lachnospiraceae	g__Coprococcus
s__midas_s_57354	p__Firmicutes	c__Clostridia	o__Lachnospirales	f__Lachnospiraceae	g__Eubacterium_ventriosum_group
s__midas_s_71801	p__Firmicutes	c__Bacilli	o__RF39	f__midas_f_31399	g__midas_g_44478
s__Odoribacter_splanchnicus	p__Bacteroidota	c__Bacteroidia	o__Bacteroidales	f__Marinifilaceae	g__Odoribacter
s__Paenibacillus_barengoltzii	p__Firmicutes	c__Bacilli	o__Paenibacillales	f__Paenibacillaceae	g__Paenibacillus
s__Parabacteroides_johnsonii	p__Bacteroidota	c__Bacteroidia	o__Bacteroidales	f__Tannerellaceae	g__Parabacteroides
s__Parabacteroides_merdae	p__Bacteroidota	c__Bacteroidia	o__Bacteroidales	f__Tannerellaceae	g__Parabacteroides
s__midas_s_110128	p__Actinobacteriota	c__Coriobacteriia	o__Coriobacteriales	f__Eggerthellaceae	g__Paraeggerthella
s__Paraprevotella_clara	p__Bacteroidota	c__Bacteroidia	o__Bacteroidales	f__Prevotellaceae	g__Paraprevotella
s__Parasporobacterium_paucivorans	p__Firmicutes	c__Clostridia	o__Lachnospirales	f__Lachnospiraceae	g__Parasporobacterium
s__Parvimonas_micra	p__Firmicutes	c__Clostridia	o__Peptostreptococcales-Tissierellales	f__Family_XI	g__Parvimonas
s__midas_s_103248	p__Firmicutes	c__Bacilli	o__Lactobacillales	f__Lactobacillaceae	g__Pediococcus
s__Pediococcus_pentosaceus	p__Firmicutes	c__Bacilli	o__Lactobacillales	f__Lactobacillaceae	g__Pediococcus
s__Phascolarctobacterium_faecium	p__Firmicutes	c__Negativicutes	o__Acidaminococcales	f__Acidaminococcaceae	g__Phascolarctobacterium
s__midas_s_66427	p__Firmicutes	c__Negativicutes	o__Acidaminococcales	f__Acidaminococcaceae	g__Phascolarctobacterium
s__midas_s_1057	p__Proteobacteria	c__Alphaproteobacteria	o__Caulobacterales	f__Caulobacteraceae	g__Phenylobacterium
s__midas_s_49775	p__Firmicutes	c__Bacilli	o__Bacillales	f__Planococcaceae	g__Planococcus
s__Prevotella_copri	p__Bacteroidota	c__Bacteroidia	o__Bacteroidales	f__Prevotellaceae	g__Prevotella_9
s__Acidipropionibacterium_acidipropionici	p__Actinobacteriota	c__Actinobacteria	o__Propionibacteriales	f__Propionibacteriaceae	g__Acidipropionibacterium
s__midas_s_6640	p__Actinobacteriota	c__Actinobacteria	o__Propionibacteriales	f__Propionibacteriaceae	g__Cutibacterium
s__Propionibacterium_freudenreichii	p__Actinobacteriota	c__Actinobacteria	o__Propionibacteriales	f__Propionibacteriaceae	g__Propionibacterium
s__midas_s_110879	p__Proteobacteria	c__Gammaproteobacteria	o__Enterobacterales	f__Morganellaceae	g__Providencia
s__Pseudomonas_aeruginosa	p__Proteobacteria	c__Gammaproteobacteria	o__Pseudomonadales	f__Pseudomonadaceae	g__Pseudomonas
s__midas_s_9585	p__Proteobacteria	c__Gammaproteobacteria	o__Pseudomonadales	f__Pseudomonadaceae	g__Pseudomonas
s__Pseudomonas_stutzeri	p__Proteobacteria	c__Gammaproteobacteria	o__Pseudomonadales	f__Pseudomonadaceae	g__Pseudomonas
s__midas_s_22181	p__Proteobacteria	c__Gammaproteobacteria	o__Xanthomonadales	f__Xanthomonadaceae	g__Pseudoxanthomonas
s__midas_s_4870	p__Proteobacteria	c__Gammaproteobacteria	o__Burkholderiales	f__Burkholderiaceae	g__Ralstonia
s__midas_s_10329	p__Proteobacteria	c__Gammaproteobacteria	o__Enterobacterales	f__Enterobacteriaceae	g__Lelliottia
s__midas_s_47935	p__Proteobacteria	c__Gammaproteobacteria	o__Xanthomonadales	f__Rhodanobacteraceae	g__Rhodanobacter
s__midas_s_4515	p__Actinobacteriota	c__Actinobacteria	o__Corynebacteriales	f__Nocardiaceae	g__Rhodococcus
s__Roseburia_faecis	p__Firmicutes	c__Clostridia	o__Lachnospirales	f__Lachnospiraceae	g__Roseburia
s__Roseburia_hominis	p__Firmicutes	c__Clostridia	o__Lachnospirales	f__Lachnospiraceae	g__Roseburia
s__Roseburia_intestinalis	p__Firmicutes	c__Clostridia	o__Lachnospirales	f__Lachnospiraceae	g__Roseburia
s__Roseburia_inulinivorans	p__Firmicutes	c__Clostridia	o__Lachnospirales	f__Lachnospiraceae	g__Roseburia
s__Rothia_endophytica	p__Actinobacteriota	c__Actinobacteria	o__Micrococcales	f__Micrococcaceae	g__Rothia
s__Rudanella_lutea	p__Bacteroidota	c__Bacteroidia	o__Cytophagales	f__Spirosomaceae	g__Rudanella
s__Ruminococcus_callidus	p__Firmicutes	c__Clostridia	o__Oscillospirales	f__Ruminococcaceae	g__Ruminococcus
s__Ruminococcus_faecis	p__Firmicutes	c__Clostridia	o__Lachnospirales	f__Lachnospiraceae	g__Ruminococcus_torques_group
s__Ruminococcus_gnavus	p__Firmicutes	c__Clostridia	o__Lachnospirales	f__Lachnospiraceae	g__Ruminococcus_gnavus_group
s__Ruminococcus_lactaris	p__Firmicutes	c__Clostridia	o__Lachnospirales	f__Lachnospiraceae	g__Ruminococcus_torques_group
s__midas_s_5087	p__Firmicutes	c__Clostridia	o__Clostridiales	f__Clostridiaceae	g__Sarcina
s__Schlesneria_paludicola	p__Planctomycetota	c__Planctomycetes	o__Planctomycetales	f__Schlesneriaceae	g__Schlesneria
s__Senegalimassilia_anaerobia	p__Actinobacteriota	c__Coriobacteriia	o__Coriobacteriales	f__Eggerthellaceae	g__Senegalimassilia
s__midas_s_7412	p__Proteobacteria	c__Gammaproteobacteria	o__Enterobacterales	f__Yersiniaceae	g__Serratia
s__Sphingobacterium_multivorum	p__Bacteroidota	c__Bacteroidia	o__Sphingobacteriales	f__Sphingobacteriaceae	g__Sphingobacterium
s__midas_s_22886	p__Firmicutes	c__Bacilli	o__Staphylococcales	f__Staphylococcaceae	g__Staphylococcus
s__midas_s_113710	p__Firmicutes	c__Bacilli	o__Staphylococcales	f__Staphylococcaceae	g__Staphylococcus
s__midas_s_57413	p__Firmicutes	c__Bacilli	o__Staphylococcales	f__Staphylococcaceae	g__Staphylococcus
s__midas_s_116076	p__Firmicutes	c__Bacilli	o__Staphylococcales	f__Staphylococcaceae	g__Staphylococcus
s__midas_s_61839	p__Firmicutes	c__Bacilli	o__Staphylococcales	f__Staphylococcaceae	g__Staphylococcus
s__Streptococcus_agalactiae	p__Firmicutes	c__Bacilli	o__Lactobacillales	f__Streptococcaceae	g__Streptococcus
s__Streptococcus_alactolyticus	p__Firmicutes	c__Bacilli	o__Lactobacillales	f__Streptococcaceae	g__Streptococcus
s__Streptococcus_parasanguinis	p__Firmicutes	c__Bacilli	o__Lactobacillales	f__Streptococcaceae	g__Streptococcus
s__midas_s_146	p__Firmicutes	c__Bacilli	o__Lactobacillales	f__Streptococcaceae	g__Streptococcus
s__midas_s_62142	p__Firmicutes	c__Bacilli	o__Lactobacillales	f__Streptococcaceae	g__Streptococcus
s__Streptococcus_mutans	p__Firmicutes	c__Bacilli	o__Lactobacillales	f__Streptococcaceae	g__Streptococcus
s__midas_s_77446	p__Firmicutes	c__Bacilli	o__Lactobacillales	f__Streptococcaceae	g__Streptococcus
s__Streptococcus_parauberis	p__Firmicutes	c__Bacilli	o__Lactobacillales	f__Streptococcaceae	g__Streptococcus
s__midas_s_873	p__Firmicutes	c__Bacilli	o__Lactobacillales	f__Streptococcaceae	g__Streptococcus
s__midas_s_75984	p__Proteobacteria	c__Gammaproteobacteria	o__Burkholderiales	f__Sutterellaceae	g__Sutterella
s__Sutterella_wadsworthensis	p__Proteobacteria	c__Gammaproteobacteria	o__Burkholderiales	f__Sutterellaceae	g__Sutterella
s__Timonella_senegalensis	p__Actinobacteriota	c__Actinobacteria	o__midas_o_5	f__midas_f_5	g__Timonella
s__Tissierella_praeacuta	p__Firmicutes	c__Clostridia	o__Peptostreptococcales-Tissierellales	f__Family_XI	g__Tissierella
s__Turicibacter_sanguinis	p__Firmicutes	c__Bacilli	o__Erysipelotrichales	f__Erysipelotrichaceae	g__Turicibacter
s__Ureibacillus_suwonensis	p__Firmicutes	c__Bacilli	o__Bacillales	f__Bacillaceae	g__Ureibacillus
s__midas_s_65133	p__Firmicutes	c__Negativicutes	o__Veillonellales-Selenomonadales	f__Veillonellaceae	g__Veillonella
s__midas_s_27433	p__Proteobacteria	c__Gammaproteobacteria	o__Enterobacterales	f__Vibrionaceae	g__Vibrio
s__midas_s_9542	p__Proteobacteria	c__Gammaproteobacteria	o__Enterobacterales	f__Vibrionaceae	g__Vibrio
s__Victivallis_vadensis	p__Verrucomicrobiota	c__Lentisphaeria	o__Victivallales	f__Victivallaceae	g__Victivallis
s__Empedobacter_falsenii	p__Bacteroidota	c__Bacteroidia	o__Flavobacteriales	f__Weeksellaceae	g__Empedobacter
s__midas_s_8503	p__Firmicutes	c__Bacilli	o__Lactobacillales	f__Lactobacillaceae	g__Weissella
s__midas_s_108287	p__Firmicutes	c__Bacilli	o__Lactobacillales	f__Lactobacillaceae	g__Weissella
s__midas_s_16095	p__Proteobacteria	c__Gammaproteobacteria	o__Enterobacterales	f__Yersiniaceae	g__Yersinia
